code,species,locality,state,type,Municipality,State,Lat,Long
I12279,B_alcatraz,Ilha dos Alcatrazes,SP,island,Ilha dos Alcatrazes,SP,-24.1023,-45.6969
I12280,B_alcatraz,Ilha dos Alcatrazes,SP,island,Ilha dos Alcatrazes,SP,-24.1023,-45.6969
I12281,B_alcatraz,Ilha dos Alcatrazes,SP,island,Ilha dos Alcatrazes,SP,-24.1023,-45.6969
I1673,B_alcatraz,Ilha dos Alcatrazes,SP,island,Ilha dos Alcatrazes,SP,-24.1023,-45.6969
I1675,B_alcatraz,Ilha dos Alcatrazes,SP,island,Ilha dos Alcatrazes,SP,-24.1023,-45.6969
I1676,B_alcatraz,Ilha dos Alcatrazes,SP,island,Ilha dos Alcatrazes,SP,-24.1023,-45.6969
I1677,B_alcatraz,Ilha dos Alcatrazes,SP,island,Ilha dos Alcatrazes,SP,-24.1023,-45.6969
I1485,B_insularis,Ilha da Queimada Grande,SP,island,Ilha da Queimada Grande,SP,-24.4847,-46.6756
I1486,B_insularis,Ilha da Queimada Grande,SP,island,Ilha da Queimada Grande,SP,-24.4847,-46.6756
I1678,B_insularis,Ilha da Queimada Grande,SP,island,Ilha da Queimada Grande,SP,-24.4847,-46.6756
I1679,B_insularis,Ilha da Queimada Grande,SP,island,Ilha da Queimada Grande,SP,-24.4847,-46.6756
I1684,B_insularis,Ilha da Queimada Grande,SP,island,Ilha da Queimada Grande,SP,-24.4847,-46.6756
I1685,B_insularis,Ilha da Queimada Grande,SP,island,Ilha da Queimada Grande,SP,-24.4847,-46.6756
SB0825,B_insularis,Ilha da Queimada Grande,SP,island,Ilha da Queimada Grande,SP,-24.4847,-46.6756
I12290,B_jararaca,Florianopolis,SC,island,Florianópolis,SC,-27.597,-48.549
I12294,B_jararaca,Florianopolis,SC,island,Florianópolis,SC,-27.597,-48.549
I1756,B_jararaca,Florianopolis,SC,island,Florianópolis,SC,-27.597,-48.549
I1761,B_jararaca,Florianopolis,SC,island,Florianópolis,SC,-27.597,-48.549
I1767,B_jararaca,Florianopolis,SC,island,Florianópolis,SC,-27.597,-48.549
I1768,B_jararaca,Florianopolis,SC,island,Florianópolis,SC,-27.597,-48.549
I1773,B_jararaca,Ilha da Moela,SP,island,Ilha da Moela,SP,-24.048604,-46.263651
I7456,B_otavioi,Ilha de Vitoria,SP,island,Ilha de Vitória,SP,-23.74875,-45.0193
I1717,B_sazimai,Ilha dos Franceses,ES,island,Ilha dos Franceses,ES,-20.926485,-40.754154
I1722,B_sazimai,Ilha dos Franceses,ES,island,Ilha dos Franceses,ES,-20.926485,-40.754154
I1723,B_sazimai,Ilha dos Franceses,ES,island,Ilha dos Franceses,ES,-20.926485,-40.754154
I1728,B_sazimai,Ilha dos Franceses,ES,island,Ilha dos Franceses,ES,-20.926485,-40.754154
I1729,B_sazimai,Ilha dos Franceses,ES,island,Ilha dos Franceses,ES,-20.926485,-40.754154
I1731,B_sazimai,Ilha dos Franceses,ES,island,Ilha dos Franceses,ES,-20.926485,-40.754154
I1737,B_sazimai,Ilha dos Franceses,ES,island,Ilha dos Franceses,ES,-20.926485,-40.754154
I1793,B_jararaca,Camacan,BA,mainland,Camacan,BA,-15.419,-39.496
I1795,B_jararaca,Miguel Calmon,BA,mainland,Miguel Calmon,BA,-11.429,-40.595
I1796,B_jararaca,Miguel Calmon,BA,mainland,Miguel Calmon,BA,-11.429,-40.595
I1786,B_jararaca,Ibitirama,ES,mainland,Ibitirama,ES,-20.541,-41.667
I1789,B_jararaca,Ibitirama,ES,mainland,Ibitirama,ES,-20.541,-41.667
I1801,B_jararaca,Linhares,ES,mainland,Linhares,ES,-19.391,-40.072
I1802,B_jararaca,Linhares,ES,mainland,Linhares,ES,-19.391,-40.072
I1228,B_jararaca,Santa Teresa,ES,mainland,Santa Teresa,ES,-19.936,-40.6
I1515,B_jararaca,Vitoria,ES,mainland,Vitória,ES,-20.319,-40.338
I1522,B_jararaca,Vitoria,ES,mainland,Vitória,ES,-20.319,-40.338
I1488,B_jararaca,Barbacena,MG,mainland,Barbacena,MG,-21.226,-43.774
I1621,B_jararaca,Bocaina de Minas,MG,mainland,Bocaina de Minas,MG,-22.168,-44.395
I1235,B_jararaca,Catas Altas,MG,mainland,Catas Altas,MG,-20.075,-43.408
I1690,B_jararaca,Cristina,MG,mainland,Cristina,MG,-22.212,-45.264
I1691,B_jararaca,Cristina,MG,mainland,Cristina,MG,-22.212,-45.264
I1798,B_jararaca,Jequitinhonha,MG,mainland,Jequitinhonha,MG,-16.434,-41.003
I1799,B_jararaca,Jequitinhonha,MG,mainland,Jequitinhonha,MG,-16.434,-41.003
I1619,B_jararaca,Juiz de Fora,MG,mainland,Juiz de Fora,MG,-21.764,-43.35
I1687,B_jararaca,Mariana,MG,mainland,Mariana,MG,-20.378,-43.416
I1784,B_jararaca,Mariana,MG,mainland,Mariana,MG,-20.378,-43.416
I1800,B_jararaca,Marlieria,MG,mainland,Marliéria,MG,-19.712,-42.732
I1624,B_jararaca,Matutina,MG,mainland,Matutina,MG,-19.223,-45.969
I12277,B_jararaca,Nova Lima,MG,mainland,Nova Lima,MG,-19.986,-43.847
I12278,B_jararaca,Nova Lima,MG,mainland,Nova Lima,MG,-19.986,-43.847
I1615,B_jararaca,Patos de Minas,MG,mainland,Patos de Minas,MG,-18.579,-46.518
I1626,B_jararaca,Rio Espera,MG,mainland,Rio Espera,MG,-20.855,-43.474
I1614,B_jararaca,Santa Barbara,MG,mainland,Santa Bárbara,MG,-19.959,-43.415
I1671,B_jararaca,Sao Francisco do Gloria,MG,mainland,São Francisco do Glória,MG,-20.789,-42.268
I1520,B_jararaca,Sao Joao do Manhuacu,MG,mainland,São João do Manhuaçu,MG,-20.394,-42.151
I20937,B_jararaca,Pico do Jabre,PB,mainland,Maturéia,PB,-7.267,-37.351
I1549,B_jararaca,Astorga,PR,mainland,Astorga,PR,-23.233,-51.666
I1805,B_jararaca,Ortigueira,PR,mainland,Ortigueira,PR,-24.208,-50.949
I18351,B_jararaca,Ribeirao Claro,PR,mainland,Ribeirão Claro,PR,-23.194,-49.758
I18362,B_jararaca,Telemaco Borba,PR,mainland,Telêmaco Borba,PR,-24.324,-50.616
I18364,B_jararaca,Telemaco Borba,PR,mainland,Telêmaco Borba,PR,-24.324,-50.616
I1533,B_jararaca,Areal,RJ,mainland,Areal,RJ,-22.231,-43.106
I1526,B_jararaca,Armacao dos Buzios,RJ,mainland,Armação dos Búzios,RJ,-22.747,-41.882
I1528,B_jararaca,Armacao dos Buzios,RJ,mainland,Armação dos Búzios,RJ,-22.747,-41.882
I1603,B_jararaca,Bom Jardim,RJ,mainland,Bom Jardim,RJ,-22.152,-42.419
I1238,B_jararaca,Cabo Frio,RJ,mainland,Cabo Frio,RJ,-22.879,-42.019
I1230,B_jararaca,Cambuci,RJ,mainland,Cambuci,RJ,-21.575,-41.911
I1513,B_jararaca,Nova Friburgo,RJ,mainland,Nova Friburgo,RJ,-22.282,-42.531
I1521,B_jararaca,Nova Friburgo,RJ,mainland,Nova Friburgo,RJ,-22.282,-42.531
I1605,B_jararaca,Petropolis,RJ,mainland,Petrópolis,RJ,-22.505,-43.179
I1517,B_jararaca,Vassouras,RJ,mainland,Vassouras,RJ,-22.404,-43.663
I1653,B_jararaca,Antonio Prado,RS,mainland,Antônio Prado,RS,-28.858,-51.283
I1670,B_jararaca,Antonio Prado,RS,mainland,Antônio Prado,RS,-28.858,-51.283
I1566,B_jararaca,Cachoeira do Sul,RS,mainland,Cachoeira do Sul,RS,-30.039,-52.894
I1650,B_jararaca,Caxias do Sul,RS,mainland,Caxias do Sul,RS,-29.168,-51.179
I1651,B_jararaca,Caxias do Sul,RS,mainland,Caxias do Sul,RS,-29.168,-51.179
I1659,B_jararaca,Machadinho,RS,mainland,Machadinho,RS,-27.567,-51.668
I1663,B_jararaca,Machadinho,RS,mainland,Machadinho,RS,-27.567,-51.668
I1652,B_jararaca,Nova Padua,RS,mainland,Nova Pádua,RS,-29.029,-51.307
I1655,B_jararaca,Nova Petropolis,RS,mainland,Nova Petrópolis,RS,-29.376,-51.114
I1656,B_jararaca,Nova Petropolis,RS,mainland,Nova Petrópolis,RS,-29.376,-51.114
I1657,B_jararaca,Nova Petropolis,RS,mainland,Nova Petrópolis,RS,-29.376,-51.114
I18379,B_jararaca,Nova Petropolis,RS,mainland,Nova Petrópolis,RS,-29.376,-51.114
I1666,B_jararaca,Protasio Alves,RS,mainland,Protásio Alves,RS,-28.757,-51.473
I1667,B_jararaca,Protasio Alves,RS,mainland,Protásio Alves,RS,-28.757,-51.473
I1643,B_jararaca,Veranopolis,RS,mainland,Veranópolis,RS,-28.936,-51.549
SB0101,B_jararaca,Anita Garibaldi,SC,mainland,Anita Garibaldi,SC,-27.689,-51.13
I12297,B_jararaca,Biguacu,SC,mainland,Biguaçu,SC,-27.494,-48.656
I1593,B_jararaca,Blumenau,SC,mainland,Blumenau,SC,-26.919,-49.066
I1595,B_jararaca,Blumenau,SC,mainland,Blumenau,SC,-26.919,-49.066
SB0020,B_jararaca,Campos Novos,SC,mainland,Campos Novos,SC,-27.402,-51.225
I1602,B_jararaca,Canoinhas,SC,mainland,Canoinhas,SC,-26.177,-50.39
I1645,B_jararaca,Canoinhas,SC,mainland,Canoinhas,SC,-26.177,-50.39
I1660,B_jararaca,Capinzal,SC,mainland,Capinzal,SC,-27.344,-51.612
I1497,B_jararaca,Corupa,SC,mainland,Corupá,SC,-26.425,-49.243
I1596,B_jararaca,Fraiburgo,SC,mainland,Fraiburgo,SC,-27.026,-50.921
I1597,B_jararaca,Fraiburgo,SC,mainland,Fraiburgo,SC,-27.026,-50.921
I1598,B_jararaca,Fraiburgo,SC,mainland,Fraiburgo,SC,-27.026,-50.921
I1494,B_jararaca,Jaragua do Sul,SC,mainland,Jaraguá do Sul,SC,-26.486,-49.067
I1495,B_jararaca,Jaragua do Sul,SC,mainland,Jaraguá do Sul,SC,-26.486,-49.067
I12295,B_jararaca,Palhoca,SC,mainland,Palhoça,SC,-27.645,-48.668
I1500,B_jararaca,Pomerode,SC,mainland,Pomerode,SC,-26.741,-49.177
I1501,B_jararaca,Pomerode,SC,mainland,Pomerode,SC,-26.741,-49.177
I18357,B_jararaca,Pomerode,SC,mainland,Pomerode,SC,-26.741,-49.177
I1489,B_jararaca,Sao Bento do Sul,SC,mainland,São Bento do Sul,SC,-26.25,-49.379
I1490,B_jararaca,Sao Bento do Sul,SC,mainland,São Bento do Sul,SC,-26.25,-49.379
I1770,B_jararaca,Xaxim,SC,mainland,Xaxim,SC,-26.962,-52.535
I1803,B_jararaca,Cananeia,SP,mainland,Cananéia,SP,-25.015,-47.927
I1708,B_jararaca,Caraguatatuba,SP,mainland,Caraguatatuba,SP,-23.62,-45.413
I1644,B_jararaca,Chavantes,SP,mainland,Chavantes,SP,-23.039,-49.709
I1739,B_jararaca,Cosmopolis,SP,mainland,Cosmópolis,SP,-22.646,-47.196
I1493,B_jararaca,Guapiara,SP,mainland,Guapiara,SP,-24.185,-48.533
I1636,B_jararaca,Ibiuna,SP,mainland,Ibiúna,SP,-23.656,-47.223
I1740,B_jararaca,Ibiuna,SP,mainland,Ibiúna,SP,-23.656,-47.223
SB0032,B_jararaca,Ibiuna,SP,mainland,Ibiúna,SP,-23.656,-47.223
SB0090,B_jararaca,Ibiuna,SP,mainland,Ibiúna,SP,-23.656,-47.223
I1747,B_jararaca,Iporanga,SP,mainland,Iporanga,SP,-24.586,-48.593
I1748,B_jararaca,Iporanga,SP,mainland,Iporanga,SP,-24.586,-48.593
I1753,B_jararaca,Itanhaem,SP,mainland,Itanhaém,SP,-24.183,-46.789
I1755,B_jararaca,Itanhaem,SP,mainland,Itanhaém,SP,-24.183,-46.789
SB1543,B_jararaca,Itanhaem,SP,mainland,Itanhaém,SP,-24.183,-46.789
I1700,B_jararaca,Mairipora,SP,mainland,Mairiporã,SP,-23.319,-46.587
I1744,B_jararaca,Mairipora,SP,mainland,Mairiporã,SP,-23.319,-46.587
I1631,B_jararaca,Piedade,SP,mainland,Piedade,SP,-23.712,-47.428
I1806,B_jararaca,Piedade,SP,mainland,Piedade,SP,-23.712,-47.428
I1600,B_jararaca,Ribeirao Grande,SP,mainland,Ribeirão Grande,SP,-24.099,-48.365
I1601,B_jararaca,Ribeirao Grande,SP,mainland,Ribeirão Grande,SP,-24.099,-48.365
I1697,B_jararaca,Santo Andre,SP,mainland,Santo André,SP,-23.664,-46.538
I1698,B_jararaca,Santo Andre,SP,mainland,Santo André,SP,-23.664,-46.538
I1701,B_jararaca,Santo Andre,SP,mainland,Santo André,SP,-23.664,-46.538
I1702,B_jararaca,Santo Andre,SP,mainland,Santo André,SP,-23.664,-46.538
I1703,B_jararaca,Santo Andre,SP,mainland,Santo André,SP,-23.664,-46.538
I1704,B_jararaca,Santo Andre,SP,mainland,Santo André,SP,-23.664,-46.538
I1705,B_jararaca,Santo Andre,SP,mainland,Santo André,SP,-23.664,-46.538
I1646,B_jararaca,Sao Bernardo do Campo,SP,mainland,São Bernardo do Campo,SP,-23.694,-46.565
I1635,B_jararaca,Ubatuba,SP,mainland,Ubatuba,SP,-23.434,-45.071
I1790,B_jararaca,Mucuge,BA,mainland,Mucugê,BA,-13.005,-41.371
I1506,B_jararaca,Domingos Martins,ES,mainland,Domingos Martins,ES,-20.363,-40.659
I1507,B_jararaca,Domingos Martins,ES,mainland,Domingos Martins,ES,-20.363,-40.659
I1525,B_jararaca,Juiz de Fora,MG,mainland,Juiz de Fora,MG,-21.764,-43.35
I1604,B_jararaca,Petropolis,RJ,mainland,Petrópolis,RJ,-22.505,-43.179
I1808,B_jararaca,Juquitiba,SP,mainland,Juquitiba,SP,-23.932,-47.068
