patient,sample,lane,fastq_1,fastq_2
P0021_FG_I12277,P0021_FG_I12277,1,data/fastq/P0021_FG_I12277/P0021_FG_I12277_R1.fastq.gz,data/fastq/P0021_FG_I12277/P0021_FG_I12277_R2.fastq.gz
P0021_FG_I12278,P0021_FG_I12278,1,data/fastq/P0021_FG_I12278/P0021_FG_I12278_R1.fastq.gz,data/fastq/P0021_FG_I12278/P0021_FG_I12278_R2.fastq.gz
P0021_FG_I12279,P0021_FG_I12279,1,data/fastq/P0021_FG_I12279/P0021_FG_I12279_R1.fastq.gz,data/fastq/P0021_FG_I12279/P0021_FG_I12279_R2.fastq.gz
P0021_FG_I1228,P0021_FG_I1228,1,data/fastq/P0021_FG_I1228/P0021_FG_I1228_R1.fastq.gz,data/fastq/P0021_FG_I1228/P0021_FG_I1228_R2.fastq.gz
P0021_FG_I12280,P0021_FG_I12280,1,data/fastq/P0021_FG_I12280/P0021_FG_I12280_R1.fastq.gz,data/fastq/P0021_FG_I12280/P0021_FG_I12280_R2.fastq.gz
P0021_FG_I12281,P0021_FG_I12281,1,data/fastq/P0021_FG_I12281/P0021_FG_I12281_R1.fastq.gz,data/fastq/P0021_FG_I12281/P0021_FG_I12281_R2.fastq.gz
P0021_FG_I12285,P0021_FG_I12285,1,data/fastq/P0021_FG_I12285/P0021_FG_I12285_R1.fastq.gz,data/fastq/P0021_FG_I12285/P0021_FG_I12285_R2.fastq.gz
P0021_FG_I12286,P0021_FG_I12286,1,data/fastq/P0021_FG_I12286/P0021_FG_I12286_R1.fastq.gz,data/fastq/P0021_FG_I12286/P0021_FG_I12286_R2.fastq.gz
P0021_FG_I12287,P0021_FG_I12287,1,data/fastq/P0021_FG_I12287/P0021_FG_I12287_R1.fastq.gz,data/fastq/P0021_FG_I12287/P0021_FG_I12287_R2.fastq.gz
P0021_FG_I12290,P0021_FG_I12290,1,data/fastq/P0021_FG_I12290/P0021_FG_I12290_R1.fastq.gz,data/fastq/P0021_FG_I12290/P0021_FG_I12290_R2.fastq.gz
P0021_FG_I12294,P0021_FG_I12294,1,data/fastq/P0021_FG_I12294/P0021_FG_I12294_R1.fastq.gz,data/fastq/P0021_FG_I12294/P0021_FG_I12294_R2.fastq.gz
P0021_FG_I12295,P0021_FG_I12295,1,data/fastq/P0021_FG_I12295/P0021_FG_I12295_R1.fastq.gz,data/fastq/P0021_FG_I12295/P0021_FG_I12295_R2.fastq.gz
P0021_FG_I12296,P0021_FG_I12296,1,data/fastq/P0021_FG_I12296/P0021_FG_I12296_R1.fastq.gz,data/fastq/P0021_FG_I12296/P0021_FG_I12296_R2.fastq.gz
P0021_FG_I12297,P0021_FG_I12297,1,data/fastq/P0021_FG_I12297/P0021_FG_I12297_R1.fastq.gz,data/fastq/P0021_FG_I12297/P0021_FG_I12297_R2.fastq.gz
P0021_FG_I1230,P0021_FG_I1230,1,data/fastq/P0021_FG_I1230/P0021_FG_I1230_R1.fastq.gz,data/fastq/P0021_FG_I1230/P0021_FG_I1230_R2.fastq.gz
P0021_FG_I1234,P0021_FG_I1234,1,data/fastq/P0021_FG_I1234/P0021_FG_I1234_R1.fastq.gz,data/fastq/P0021_FG_I1234/P0021_FG_I1234_R2.fastq.gz
P0021_FG_I1235,P0021_FG_I1235,1,data/fastq/P0021_FG_I1235/P0021_FG_I1235_R1.fastq.gz,data/fastq/P0021_FG_I1235/P0021_FG_I1235_R2.fastq.gz
P0021_FG_I1238,P0021_FG_I1238,1,data/fastq/P0021_FG_I1238/P0021_FG_I1238_R1.fastq.gz,data/fastq/P0021_FG_I1238/P0021_FG_I1238_R2.fastq.gz
P0021_FG_I1485,P0021_FG_I1485,1,data/fastq/P0021_FG_I1485/P0021_FG_I1485_R1.fastq.gz,data/fastq/P0021_FG_I1485/P0021_FG_I1485_R2.fastq.gz
P0021_FG_I1486,P0021_FG_I1486,1,data/fastq/P0021_FG_I1486/P0021_FG_I1486_R1.fastq.gz,data/fastq/P0021_FG_I1486/P0021_FG_I1486_R2.fastq.gz
P0021_FG_I1488,P0021_FG_I1488,1,data/fastq/P0021_FG_I1488/P0021_FG_I1488_R1.fastq.gz,data/fastq/P0021_FG_I1488/P0021_FG_I1488_R2.fastq.gz
P0021_FG_I1489,P0021_FG_I1489,1,data/fastq/P0021_FG_I1489/P0021_FG_I1489_R1.fastq.gz,data/fastq/P0021_FG_I1489/P0021_FG_I1489_R2.fastq.gz
P0021_FG_I1490,P0021_FG_I1490,1,data/fastq/P0021_FG_I1490/P0021_FG_I1490_R1.fastq.gz,data/fastq/P0021_FG_I1490/P0021_FG_I1490_R2.fastq.gz
P0021_FG_I1492,P0021_FG_I1492,1,data/fastq/P0021_FG_I1492/P0021_FG_I1492_R1.fastq.gz,data/fastq/P0021_FG_I1492/P0021_FG_I1492_R2.fastq.gz
P0021_FG_I1493,P0021_FG_I1493,1,data/fastq/P0021_FG_I1493/P0021_FG_I1493_R1.fastq.gz,data/fastq/P0021_FG_I1493/P0021_FG_I1493_R2.fastq.gz
P0021_FG_I1494,P0021_FG_I1494,1,data/fastq/P0021_FG_I1494/P0021_FG_I1494_R1.fastq.gz,data/fastq/P0021_FG_I1494/P0021_FG_I1494_R2.fastq.gz
P0021_FG_I1495,P0021_FG_I1495,1,data/fastq/P0021_FG_I1495/P0021_FG_I1495_R1.fastq.gz,data/fastq/P0021_FG_I1495/P0021_FG_I1495_R2.fastq.gz
P0021_FG_I1497,P0021_FG_I1497,1,data/fastq/P0021_FG_I1497/P0021_FG_I1497_R1.fastq.gz,data/fastq/P0021_FG_I1497/P0021_FG_I1497_R2.fastq.gz
P0021_FG_I1500,P0021_FG_I1500,1,data/fastq/P0021_FG_I1500/P0021_FG_I1500_R1.fastq.gz,data/fastq/P0021_FG_I1500/P0021_FG_I1500_R2.fastq.gz
P0021_FG_I1501,P0021_FG_I1501,1,data/fastq/P0021_FG_I1501/P0021_FG_I1501_R1.fastq.gz,data/fastq/P0021_FG_I1501/P0021_FG_I1501_R2.fastq.gz
P0021_FG_I1502,P0021_FG_I1502,1,data/fastq/P0021_FG_I1502/P0021_FG_I1502_R1.fastq.gz,data/fastq/P0021_FG_I1502/P0021_FG_I1502_R2.fastq.gz
P0021_FG_I1503,P0021_FG_I1503,1,data/fastq/P0021_FG_I1503/P0021_FG_I1503_R1.fastq.gz,data/fastq/P0021_FG_I1503/P0021_FG_I1503_R2.fastq.gz
P0021_FG_I1506,P0021_FG_I1506,1,data/fastq/P0021_FG_I1506/P0021_FG_I1506_R1.fastq.gz,data/fastq/P0021_FG_I1506/P0021_FG_I1506_R2.fastq.gz
P0021_FG_I1507,P0021_FG_I1507,1,data/fastq/P0021_FG_I1507/P0021_FG_I1507_R1.fastq.gz,data/fastq/P0021_FG_I1507/P0021_FG_I1507_R2.fastq.gz
P0021_FG_I1508,P0021_FG_I1508,1,data/fastq/P0021_FG_I1508/P0021_FG_I1508_R1.fastq.gz,data/fastq/P0021_FG_I1508/P0021_FG_I1508_R2.fastq.gz
P0021_FG_I1509,P0021_FG_I1509,1,data/fastq/P0021_FG_I1509/P0021_FG_I1509_R1.fastq.gz,data/fastq/P0021_FG_I1509/P0021_FG_I1509_R2.fastq.gz
P0021_FG_I1511,P0021_FG_I1511,1,data/fastq/P0021_FG_I1511/P0021_FG_I1511_R1.fastq.gz,data/fastq/P0021_FG_I1511/P0021_FG_I1511_R2.fastq.gz
P0021_FG_I1513,P0021_FG_I1513,1,data/fastq/P0021_FG_I1513/P0021_FG_I1513_R1.fastq.gz,data/fastq/P0021_FG_I1513/P0021_FG_I1513_R2.fastq.gz
P0021_FG_I1515,P0021_FG_I1515,1,data/fastq/P0021_FG_I1515/P0021_FG_I1515_R1.fastq.gz,data/fastq/P0021_FG_I1515/P0021_FG_I1515_R2.fastq.gz
P0021_FG_I1517,P0021_FG_I1517,1,data/fastq/P0021_FG_I1517/P0021_FG_I1517_R1.fastq.gz,data/fastq/P0021_FG_I1517/P0021_FG_I1517_R2.fastq.gz
P0021_FG_I1518,P0021_FG_I1518,1,data/fastq/P0021_FG_I1518/P0021_FG_I1518_R1.fastq.gz,data/fastq/P0021_FG_I1518/P0021_FG_I1518_R2.fastq.gz
P0021_FG_I1520,P0021_FG_I1520,1,data/fastq/P0021_FG_I1520/P0021_FG_I1520_R1.fastq.gz,data/fastq/P0021_FG_I1520/P0021_FG_I1520_R2.fastq.gz
P0021_FG_I1521,P0021_FG_I1521,1,data/fastq/P0021_FG_I1521/P0021_FG_I1521_R1.fastq.gz,data/fastq/P0021_FG_I1521/P0021_FG_I1521_R2.fastq.gz
P0021_FG_I1522,P0021_FG_I1522,1,data/fastq/P0021_FG_I1522/P0021_FG_I1522_R1.fastq.gz,data/fastq/P0021_FG_I1522/P0021_FG_I1522_R2.fastq.gz
P0021_FG_I1525,P0021_FG_I1525,1,data/fastq/P0021_FG_I1525/P0021_FG_I1525_R1.fastq.gz,data/fastq/P0021_FG_I1525/P0021_FG_I1525_R2.fastq.gz
P0021_FG_I1526,P0021_FG_I1526,1,data/fastq/P0021_FG_I1526/P0021_FG_I1526_R1.fastq.gz,data/fastq/P0021_FG_I1526/P0021_FG_I1526_R2.fastq.gz
P0021_FG_I1527,P0021_FG_I1527,1,data/fastq/P0021_FG_I1527/P0021_FG_I1527_R1.fastq.gz,data/fastq/P0021_FG_I1527/P0021_FG_I1527_R2.fastq.gz
P0021_FG_I1528,P0021_FG_I1528,1,data/fastq/P0021_FG_I1528/P0021_FG_I1528_R1.fastq.gz,data/fastq/P0021_FG_I1528/P0021_FG_I1528_R2.fastq.gz
P0021_FG_I1533,P0021_FG_I1533,1,data/fastq/P0021_FG_I1533/P0021_FG_I1533_R1.fastq.gz,data/fastq/P0021_FG_I1533/P0021_FG_I1533_R2.fastq.gz
P0021_FG_I1549,P0021_FG_I1549,1,data/fastq/P0021_FG_I1549/P0021_FG_I1549_R1.fastq.gz,data/fastq/P0021_FG_I1549/P0021_FG_I1549_R2.fastq.gz
P0021_FG_I1551,P0021_FG_I1551,1,data/fastq/P0021_FG_I1551/P0021_FG_I1551_R1.fastq.gz,data/fastq/P0021_FG_I1551/P0021_FG_I1551_R2.fastq.gz
P0021_FG_I1554,P0021_FG_I1554,1,data/fastq/P0021_FG_I1554/P0021_FG_I1554_R1.fastq.gz,data/fastq/P0021_FG_I1554/P0021_FG_I1554_R2.fastq.gz
P0021_FG_I1557,P0021_FG_I1557,1,data/fastq/P0021_FG_I1557/P0021_FG_I1557_R1.fastq.gz,data/fastq/P0021_FG_I1557/P0021_FG_I1557_R2.fastq.gz
P0021_FG_I1558,P0021_FG_I1558,1,data/fastq/P0021_FG_I1558/P0021_FG_I1558_R1.fastq.gz,data/fastq/P0021_FG_I1558/P0021_FG_I1558_R2.fastq.gz
P0021_FG_I1566,P0021_FG_I1566,1,data/fastq/P0021_FG_I1566/P0021_FG_I1566_R1.fastq.gz,data/fastq/P0021_FG_I1566/P0021_FG_I1566_R2.fastq.gz
P0021_FG_I1593,P0021_FG_I1593,1,data/fastq/P0021_FG_I1593/P0021_FG_I1593_R1.fastq.gz,data/fastq/P0021_FG_I1593/P0021_FG_I1593_R2.fastq.gz
P0021_FG_I1594,P0021_FG_I1594,1,data/fastq/P0021_FG_I1594/P0021_FG_I1594_R1.fastq.gz,data/fastq/P0021_FG_I1594/P0021_FG_I1594_R2.fastq.gz
P0021_FG_I1595,P0021_FG_I1595,1,data/fastq/P0021_FG_I1595/P0021_FG_I1595_R1.fastq.gz,data/fastq/P0021_FG_I1595/P0021_FG_I1595_R2.fastq.gz
P0021_FG_I1596,P0021_FG_I1596,1,data/fastq/P0021_FG_I1596/P0021_FG_I1596_R1.fastq.gz,data/fastq/P0021_FG_I1596/P0021_FG_I1596_R2.fastq.gz
P0021_FG_I1597,P0021_FG_I1597,1,data/fastq/P0021_FG_I1597/P0021_FG_I1597_R1.fastq.gz,data/fastq/P0021_FG_I1597/P0021_FG_I1597_R2.fastq.gz
P0021_FG_I1598,P0021_FG_I1598,1,data/fastq/P0021_FG_I1598/P0021_FG_I1598_R1.fastq.gz,data/fastq/P0021_FG_I1598/P0021_FG_I1598_R2.fastq.gz
P0021_FG_I1600,P0021_FG_I1600,1,data/fastq/P0021_FG_I1600/P0021_FG_I1600_R1.fastq.gz,data/fastq/P0021_FG_I1600/P0021_FG_I1600_R2.fastq.gz
P0021_FG_I1601,P0021_FG_I1601,1,data/fastq/P0021_FG_I1601/P0021_FG_I1601_R1.fastq.gz,data/fastq/P0021_FG_I1601/P0021_FG_I1601_R2.fastq.gz
P0021_FG_I1602,P0021_FG_I1602,1,data/fastq/P0021_FG_I1602/P0021_FG_I1602_R1.fastq.gz,data/fastq/P0021_FG_I1602/P0021_FG_I1602_R2.fastq.gz
P0021_FG_I1603,P0021_FG_I1603,1,data/fastq/P0021_FG_I1603/P0021_FG_I1603_R1.fastq.gz,data/fastq/P0021_FG_I1603/P0021_FG_I1603_R2.fastq.gz
P0021_FG_I1604,P0021_FG_I1604,1,data/fastq/P0021_FG_I1604/P0021_FG_I1604_R1.fastq.gz,data/fastq/P0021_FG_I1604/P0021_FG_I1604_R2.fastq.gz
P0021_FG_I1605,P0021_FG_I1605,1,data/fastq/P0021_FG_I1605/P0021_FG_I1605_R1.fastq.gz,data/fastq/P0021_FG_I1605/P0021_FG_I1605_R2.fastq.gz
P0021_FG_I1607,P0021_FG_I1607,1,data/fastq/P0021_FG_I1607/P0021_FG_I1607_R1.fastq.gz,data/fastq/P0021_FG_I1607/P0021_FG_I1607_R2.fastq.gz
P0021_FG_I1609,P0021_FG_I1609,1,data/fastq/P0021_FG_I1609/P0021_FG_I1609_R1.fastq.gz,data/fastq/P0021_FG_I1609/P0021_FG_I1609_R2.fastq.gz
P0021_FG_I1611,P0021_FG_I1611,1,data/fastq/P0021_FG_I1611/P0021_FG_I1611_R1.fastq.gz,data/fastq/P0021_FG_I1611/P0021_FG_I1611_R2.fastq.gz
P0021_FG_I1612,P0021_FG_I1612,1,data/fastq/P0021_FG_I1612/P0021_FG_I1612_R1.fastq.gz,data/fastq/P0021_FG_I1612/P0021_FG_I1612_R2.fastq.gz
P0021_FG_I1613,P0021_FG_I1613,1,data/fastq/P0021_FG_I1613/P0021_FG_I1613_R1.fastq.gz,data/fastq/P0021_FG_I1613/P0021_FG_I1613_R2.fastq.gz
P0021_FG_I1614,P0021_FG_I1614,1,data/fastq/P0021_FG_I1614/P0021_FG_I1614_R1.fastq.gz,data/fastq/P0021_FG_I1614/P0021_FG_I1614_R2.fastq.gz
P0021_FG_I1615,P0021_FG_I1615,1,data/fastq/P0021_FG_I1615/P0021_FG_I1615_R1.fastq.gz,data/fastq/P0021_FG_I1615/P0021_FG_I1615_R2.fastq.gz
P0021_FG_I1618,P0021_FG_I1618,1,data/fastq/P0021_FG_I1618/P0021_FG_I1618_R1.fastq.gz,data/fastq/P0021_FG_I1618/P0021_FG_I1618_R2.fastq.gz
P0021_FG_I1619,P0021_FG_I1619,1,data/fastq/P0021_FG_I1619/P0021_FG_I1619_R1.fastq.gz,data/fastq/P0021_FG_I1619/P0021_FG_I1619_R2.fastq.gz
P0021_FG_I1621,P0021_FG_I1621,1,data/fastq/P0021_FG_I1621/P0021_FG_I1621_R1.fastq.gz,data/fastq/P0021_FG_I1621/P0021_FG_I1621_R2.fastq.gz
P0021_FG_I1622,P0021_FG_I1622,1,data/fastq/P0021_FG_I1622/P0021_FG_I1622_R1.fastq.gz,data/fastq/P0021_FG_I1622/P0021_FG_I1622_R2.fastq.gz
P0021_FG_I1623,P0021_FG_I1623,1,data/fastq/P0021_FG_I1623/P0021_FG_I1623_R1.fastq.gz,data/fastq/P0021_FG_I1623/P0021_FG_I1623_R2.fastq.gz
P0021_FG_I1624,P0021_FG_I1624,1,data/fastq/P0021_FG_I1624/P0021_FG_I1624_R1.fastq.gz,data/fastq/P0021_FG_I1624/P0021_FG_I1624_R2.fastq.gz
P0021_FG_I1625,P0021_FG_I1625,1,data/fastq/P0021_FG_I1625/P0021_FG_I1625_R1.fastq.gz,data/fastq/P0021_FG_I1625/P0021_FG_I1625_R2.fastq.gz
P0021_FG_I1626,P0021_FG_I1626,1,data/fastq/P0021_FG_I1626/P0021_FG_I1626_R1.fastq.gz,data/fastq/P0021_FG_I1626/P0021_FG_I1626_R2.fastq.gz
P0021_FG_I1631,P0021_FG_I1631,1,data/fastq/P0021_FG_I1631/P0021_FG_I1631_R1.fastq.gz,data/fastq/P0021_FG_I1631/P0021_FG_I1631_R2.fastq.gz
P0021_FG_I1635,P0021_FG_I1635,1,data/fastq/P0021_FG_I1635/P0021_FG_I1635_R1.fastq.gz,data/fastq/P0021_FG_I1635/P0021_FG_I1635_R2.fastq.gz
P0021_FG_I1636,P0021_FG_I1636,1,data/fastq/P0021_FG_I1636/P0021_FG_I1636_R1.fastq.gz,data/fastq/P0021_FG_I1636/P0021_FG_I1636_R2.fastq.gz
P0021_FG_I1639,P0021_FG_I1639,1,data/fastq/P0021_FG_I1639/P0021_FG_I1639_R1.fastq.gz,data/fastq/P0021_FG_I1639/P0021_FG_I1639_R2.fastq.gz
P0021_FG_I1643,P0021_FG_I1643,1,data/fastq/P0021_FG_I1643/P0021_FG_I1643_R1.fastq.gz,data/fastq/P0021_FG_I1643/P0021_FG_I1643_R2.fastq.gz
P0021_FG_I1644,P0021_FG_I1644,1,data/fastq/P0021_FG_I1644/P0021_FG_I1644_R1.fastq.gz,data/fastq/P0021_FG_I1644/P0021_FG_I1644_R2.fastq.gz
P0021_FG_I1645,P0021_FG_I1645,1,data/fastq/P0021_FG_I1645/P0021_FG_I1645_R1.fastq.gz,data/fastq/P0021_FG_I1645/P0021_FG_I1645_R2.fastq.gz
P0021_FG_I1646,P0021_FG_I1646,1,data/fastq/P0021_FG_I1646/P0021_FG_I1646_R1.fastq.gz,data/fastq/P0021_FG_I1646/P0021_FG_I1646_R2.fastq.gz
P0021_FG_I1650,P0021_FG_I1650,1,data/fastq/P0021_FG_I1650/P0021_FG_I1650_R1.fastq.gz,data/fastq/P0021_FG_I1650/P0021_FG_I1650_R2.fastq.gz
P0021_FG_I1651,P0021_FG_I1651,1,data/fastq/P0021_FG_I1651/P0021_FG_I1651_R1.fastq.gz,data/fastq/P0021_FG_I1651/P0021_FG_I1651_R2.fastq.gz
P0021_FG_I1652,P0021_FG_I1652,1,data/fastq/P0021_FG_I1652/P0021_FG_I1652_R1.fastq.gz,data/fastq/P0021_FG_I1652/P0021_FG_I1652_R2.fastq.gz
P0021_FG_I1653,P0021_FG_I1653,1,data/fastq/P0021_FG_I1653/P0021_FG_I1653_R1.fastq.gz,data/fastq/P0021_FG_I1653/P0021_FG_I1653_R2.fastq.gz
P0021_FG_I1655,P0021_FG_I1655,1,data/fastq/P0021_FG_I1655/P0021_FG_I1655_R1.fastq.gz,data/fastq/P0021_FG_I1655/P0021_FG_I1655_R2.fastq.gz
P0021_FG_I1656,P0021_FG_I1656,1,data/fastq/P0021_FG_I1656/P0021_FG_I1656_R1.fastq.gz,data/fastq/P0021_FG_I1656/P0021_FG_I1656_R2.fastq.gz
P0021_FG_I1657,P0021_FG_I1657,1,data/fastq/P0021_FG_I1657/P0021_FG_I1657_R1.fastq.gz,data/fastq/P0021_FG_I1657/P0021_FG_I1657_R2.fastq.gz
P0021_FG_I1659,P0021_FG_I1659,1,data/fastq/P0021_FG_I1659/P0021_FG_I1659_R1.fastq.gz,data/fastq/P0021_FG_I1659/P0021_FG_I1659_R2.fastq.gz
P0021_FG_I1660,P0021_FG_I1660,1,data/fastq/P0021_FG_I1660/P0021_FG_I1660_R1.fastq.gz,data/fastq/P0021_FG_I1660/P0021_FG_I1660_R2.fastq.gz
P0021_FG_I1663,P0021_FG_I1663,1,data/fastq/P0021_FG_I1663/P0021_FG_I1663_R1.fastq.gz,data/fastq/P0021_FG_I1663/P0021_FG_I1663_R2.fastq.gz
P0021_FG_I1665,P0021_FG_I1665,1,data/fastq/P0021_FG_I1665/P0021_FG_I1665_R1.fastq.gz,data/fastq/P0021_FG_I1665/P0021_FG_I1665_R2.fastq.gz
P0021_FG_I1666,P0021_FG_I1666,1,data/fastq/P0021_FG_I1666/P0021_FG_I1666_R1.fastq.gz,data/fastq/P0021_FG_I1666/P0021_FG_I1666_R2.fastq.gz
P0021_FG_I1667,P0021_FG_I1667,1,data/fastq/P0021_FG_I1667/P0021_FG_I1667_R1.fastq.gz,data/fastq/P0021_FG_I1667/P0021_FG_I1667_R2.fastq.gz
P0021_FG_I1670,P0021_FG_I1670,1,data/fastq/P0021_FG_I1670/P0021_FG_I1670_R1.fastq.gz,data/fastq/P0021_FG_I1670/P0021_FG_I1670_R2.fastq.gz
P0021_FG_I1671,P0021_FG_I1671,1,data/fastq/P0021_FG_I1671/P0021_FG_I1671_R1.fastq.gz,data/fastq/P0021_FG_I1671/P0021_FG_I1671_R2.fastq.gz
P0021_FG_I1673,P0021_FG_I1673,1,data/fastq/P0021_FG_I1673/P0021_FG_I1673_R1.fastq.gz,data/fastq/P0021_FG_I1673/P0021_FG_I1673_R2.fastq.gz
P0021_FG_I1674,P0021_FG_I1674,1,data/fastq/P0021_FG_I1674/P0021_FG_I1674_R1.fastq.gz,data/fastq/P0021_FG_I1674/P0021_FG_I1674_R2.fastq.gz
P0021_FG_I1675,P0021_FG_I1675,1,data/fastq/P0021_FG_I1675/P0021_FG_I1675_R1.fastq.gz,data/fastq/P0021_FG_I1675/P0021_FG_I1675_R2.fastq.gz
P0021_FG_I1676,P0021_FG_I1676,1,data/fastq/P0021_FG_I1676/P0021_FG_I1676_R1.fastq.gz,data/fastq/P0021_FG_I1676/P0021_FG_I1676_R2.fastq.gz
P0021_FG_I1677,P0021_FG_I1677,1,data/fastq/P0021_FG_I1677/P0021_FG_I1677_R1.fastq.gz,data/fastq/P0021_FG_I1677/P0021_FG_I1677_R2.fastq.gz
P0021_FG_I1678,P0021_FG_I1678,1,data/fastq/P0021_FG_I1678/P0021_FG_I1678_R1.fastq.gz,data/fastq/P0021_FG_I1678/P0021_FG_I1678_R2.fastq.gz
P0021_FG_I1679,P0021_FG_I1679,1,data/fastq/P0021_FG_I1679/P0021_FG_I1679_R1.fastq.gz,data/fastq/P0021_FG_I1679/P0021_FG_I1679_R2.fastq.gz
P0021_FG_I1681,P0021_FG_I1681,1,data/fastq/P0021_FG_I1681/P0021_FG_I1681_R1.fastq.gz,data/fastq/P0021_FG_I1681/P0021_FG_I1681_R2.fastq.gz
P0021_FG_I1683,P0021_FG_I1683,1,data/fastq/P0021_FG_I1683/P0021_FG_I1683_R1.fastq.gz,data/fastq/P0021_FG_I1683/P0021_FG_I1683_R2.fastq.gz
P0021_FG_I1684,P0021_FG_I1684,1,data/fastq/P0021_FG_I1684/P0021_FG_I1684_R1.fastq.gz,data/fastq/P0021_FG_I1684/P0021_FG_I1684_R2.fastq.gz
P0021_FG_I1685,P0021_FG_I1685,1,data/fastq/P0021_FG_I1685/P0021_FG_I1685_R1.fastq.gz,data/fastq/P0021_FG_I1685/P0021_FG_I1685_R2.fastq.gz
P0021_FG_I1687,P0021_FG_I1687,1,data/fastq/P0021_FG_I1687/P0021_FG_I1687_R1.fastq.gz,data/fastq/P0021_FG_I1687/P0021_FG_I1687_R2.fastq.gz
P0021_FG_I1690,P0021_FG_I1690,1,data/fastq/P0021_FG_I1690/P0021_FG_I1690_R1.fastq.gz,data/fastq/P0021_FG_I1690/P0021_FG_I1690_R2.fastq.gz
P0021_FG_I1691,P0021_FG_I1691,1,data/fastq/P0021_FG_I1691/P0021_FG_I1691_R1.fastq.gz,data/fastq/P0021_FG_I1691/P0021_FG_I1691_R2.fastq.gz
P0021_FG_I1697,P0021_FG_I1697,1,data/fastq/P0021_FG_I1697/P0021_FG_I1697_R1.fastq.gz,data/fastq/P0021_FG_I1697/P0021_FG_I1697_R2.fastq.gz
P0021_FG_I1698,P0021_FG_I1698,1,data/fastq/P0021_FG_I1698/P0021_FG_I1698_R1.fastq.gz,data/fastq/P0021_FG_I1698/P0021_FG_I1698_R2.fastq.gz
P0021_FG_I1700,P0021_FG_I1700,1,data/fastq/P0021_FG_I1700/P0021_FG_I1700_R1.fastq.gz,data/fastq/P0021_FG_I1700/P0021_FG_I1700_R2.fastq.gz
P0021_FG_I1701,P0021_FG_I1701,1,data/fastq/P0021_FG_I1701/P0021_FG_I1701_R1.fastq.gz,data/fastq/P0021_FG_I1701/P0021_FG_I1701_R2.fastq.gz
P0021_FG_I1702,P0021_FG_I1702,1,data/fastq/P0021_FG_I1702/P0021_FG_I1702_R1.fastq.gz,data/fastq/P0021_FG_I1702/P0021_FG_I1702_R2.fastq.gz
P0021_FG_I1703,P0021_FG_I1703,1,data/fastq/P0021_FG_I1703/P0021_FG_I1703_R1.fastq.gz,data/fastq/P0021_FG_I1703/P0021_FG_I1703_R2.fastq.gz
P0021_FG_I1704,P0021_FG_I1704,1,data/fastq/P0021_FG_I1704/P0021_FG_I1704_R1.fastq.gz,data/fastq/P0021_FG_I1704/P0021_FG_I1704_R2.fastq.gz
P0021_FG_I1705,P0021_FG_I1705,1,data/fastq/P0021_FG_I1705/P0021_FG_I1705_R1.fastq.gz,data/fastq/P0021_FG_I1705/P0021_FG_I1705_R2.fastq.gz
P0021_FG_I1708,P0021_FG_I1708,1,data/fastq/P0021_FG_I1708/P0021_FG_I1708_R1.fastq.gz,data/fastq/P0021_FG_I1708/P0021_FG_I1708_R2.fastq.gz
P0021_FG_I1717,P0021_FG_I1717,1,data/fastq/P0021_FG_I1717/P0021_FG_I1717_R1.fastq.gz,data/fastq/P0021_FG_I1717/P0021_FG_I1717_R2.fastq.gz
P0021_FG_I1722,P0021_FG_I1722,1,data/fastq/P0021_FG_I1722/P0021_FG_I1722_R1.fastq.gz,data/fastq/P0021_FG_I1722/P0021_FG_I1722_R2.fastq.gz
P0021_FG_I1723,P0021_FG_I1723,1,data/fastq/P0021_FG_I1723/P0021_FG_I1723_R1.fastq.gz,data/fastq/P0021_FG_I1723/P0021_FG_I1723_R2.fastq.gz
P0021_FG_I1726,P0021_FG_I1726,1,data/fastq/P0021_FG_I1726/P0021_FG_I1726_R1.fastq.gz,data/fastq/P0021_FG_I1726/P0021_FG_I1726_R2.fastq.gz
P0021_FG_I1728,P0021_FG_I1728,1,data/fastq/P0021_FG_I1728/P0021_FG_I1728_R1.fastq.gz,data/fastq/P0021_FG_I1728/P0021_FG_I1728_R2.fastq.gz
P0021_FG_I1729,P0021_FG_I1729,1,data/fastq/P0021_FG_I1729/P0021_FG_I1729_R1.fastq.gz,data/fastq/P0021_FG_I1729/P0021_FG_I1729_R2.fastq.gz
P0021_FG_I1731,P0021_FG_I1731,1,data/fastq/P0021_FG_I1731/P0021_FG_I1731_R1.fastq.gz,data/fastq/P0021_FG_I1731/P0021_FG_I1731_R2.fastq.gz
P0021_FG_I1737,P0021_FG_I1737,1,data/fastq/P0021_FG_I1737/P0021_FG_I1737_R1.fastq.gz,data/fastq/P0021_FG_I1737/P0021_FG_I1737_R2.fastq.gz
P0021_FG_I1739,P0021_FG_I1739,1,data/fastq/P0021_FG_I1739/P0021_FG_I1739_R1.fastq.gz,data/fastq/P0021_FG_I1739/P0021_FG_I1739_R2.fastq.gz
P0021_FG_I1740,P0021_FG_I1740,1,data/fastq/P0021_FG_I1740/P0021_FG_I1740_R1.fastq.gz,data/fastq/P0021_FG_I1740/P0021_FG_I1740_R2.fastq.gz
P0021_FG_I1744,P0021_FG_I1744,1,data/fastq/P0021_FG_I1744/P0021_FG_I1744_R1.fastq.gz,data/fastq/P0021_FG_I1744/P0021_FG_I1744_R2.fastq.gz
P0021_FG_I1747,P0021_FG_I1747,1,data/fastq/P0021_FG_I1747/P0021_FG_I1747_R1.fastq.gz,data/fastq/P0021_FG_I1747/P0021_FG_I1747_R2.fastq.gz
P0021_FG_I1748,P0021_FG_I1748,1,data/fastq/P0021_FG_I1748/P0021_FG_I1748_R1.fastq.gz,data/fastq/P0021_FG_I1748/P0021_FG_I1748_R2.fastq.gz
P0021_FG_I1752,P0021_FG_I1752,1,data/fastq/P0021_FG_I1752/P0021_FG_I1752_R1.fastq.gz,data/fastq/P0021_FG_I1752/P0021_FG_I1752_R2.fastq.gz
P0021_FG_I1753,P0021_FG_I1753,1,data/fastq/P0021_FG_I1753/P0021_FG_I1753_R1.fastq.gz,data/fastq/P0021_FG_I1753/P0021_FG_I1753_R2.fastq.gz
P0021_FG_I1754,P0021_FG_I1754,1,data/fastq/P0021_FG_I1754/P0021_FG_I1754_R1.fastq.gz,data/fastq/P0021_FG_I1754/P0021_FG_I1754_R2.fastq.gz
P0021_FG_I1755,P0021_FG_I1755,1,data/fastq/P0021_FG_I1755/P0021_FG_I1755_R1.fastq.gz,data/fastq/P0021_FG_I1755/P0021_FG_I1755_R2.fastq.gz
P0021_FG_I1756,P0021_FG_I1756,1,data/fastq/P0021_FG_I1756/P0021_FG_I1756_R1.fastq.gz,data/fastq/P0021_FG_I1756/P0021_FG_I1756_R2.fastq.gz
P0021_FG_I1757,P0021_FG_I1757,1,data/fastq/P0021_FG_I1757/P0021_FG_I1757_R1.fastq.gz,data/fastq/P0021_FG_I1757/P0021_FG_I1757_R2.fastq.gz
P0021_FG_I1758,P0021_FG_I1758,1,data/fastq/P0021_FG_I1758/P0021_FG_I1758_R1.fastq.gz,data/fastq/P0021_FG_I1758/P0021_FG_I1758_R2.fastq.gz
P0021_FG_I1761,P0021_FG_I1761,1,data/fastq/P0021_FG_I1761/P0021_FG_I1761_R1.fastq.gz,data/fastq/P0021_FG_I1761/P0021_FG_I1761_R2.fastq.gz
P0021_FG_I1765,P0021_FG_I1765,1,data/fastq/P0021_FG_I1765/P0021_FG_I1765_R1.fastq.gz,data/fastq/P0021_FG_I1765/P0021_FG_I1765_R2.fastq.gz
P0021_FG_I1766,P0021_FG_I1766,1,data/fastq/P0021_FG_I1766/P0021_FG_I1766_R1.fastq.gz,data/fastq/P0021_FG_I1766/P0021_FG_I1766_R2.fastq.gz
P0021_FG_I1767,P0021_FG_I1767,1,data/fastq/P0021_FG_I1767/P0021_FG_I1767_R1.fastq.gz,data/fastq/P0021_FG_I1767/P0021_FG_I1767_R2.fastq.gz
P0021_FG_I1768,P0021_FG_I1768,1,data/fastq/P0021_FG_I1768/P0021_FG_I1768_R1.fastq.gz,data/fastq/P0021_FG_I1768/P0021_FG_I1768_R2.fastq.gz
P0021_FG_I1770,P0021_FG_I1770,1,data/fastq/P0021_FG_I1770/P0021_FG_I1770_R1.fastq.gz,data/fastq/P0021_FG_I1770/P0021_FG_I1770_R2.fastq.gz
P0021_FG_I1771,P0021_FG_I1771,1,data/fastq/P0021_FG_I1771/P0021_FG_I1771_R1.fastq.gz,data/fastq/P0021_FG_I1771/P0021_FG_I1771_R2.fastq.gz
P0021_FG_I1773,P0021_FG_I1773,1,data/fastq/P0021_FG_I1773/P0021_FG_I1773_R1.fastq.gz,data/fastq/P0021_FG_I1773/P0021_FG_I1773_R2.fastq.gz
P0021_FG_I1774,P0021_FG_I1774,1,data/fastq/P0021_FG_I1774/P0021_FG_I1774_R1.fastq.gz,data/fastq/P0021_FG_I1774/P0021_FG_I1774_R2.fastq.gz
P0021_FG_I1775,P0021_FG_I1775,1,data/fastq/P0021_FG_I1775/P0021_FG_I1775_R1.fastq.gz,data/fastq/P0021_FG_I1775/P0021_FG_I1775_R2.fastq.gz
P0021_FG_I1784,P0021_FG_I1784,1,data/fastq/P0021_FG_I1784/P0021_FG_I1784_R1.fastq.gz,data/fastq/P0021_FG_I1784/P0021_FG_I1784_R2.fastq.gz
P0021_FG_I1786,P0021_FG_I1786,1,data/fastq/P0021_FG_I1786/P0021_FG_I1786_R1.fastq.gz,data/fastq/P0021_FG_I1786/P0021_FG_I1786_R2.fastq.gz
P0021_FG_I1789,P0021_FG_I1789,1,data/fastq/P0021_FG_I1789/P0021_FG_I1789_R1.fastq.gz,data/fastq/P0021_FG_I1789/P0021_FG_I1789_R2.fastq.gz
P0021_FG_I1790,P0021_FG_I1790,1,data/fastq/P0021_FG_I1790/P0021_FG_I1790_R1.fastq.gz,data/fastq/P0021_FG_I1790/P0021_FG_I1790_R2.fastq.gz
P0021_FG_I1791,P0021_FG_I1791,1,data/fastq/P0021_FG_I1791/P0021_FG_I1791_R1.fastq.gz,data/fastq/P0021_FG_I1791/P0021_FG_I1791_R2.fastq.gz
P0021_FG_I1792,P0021_FG_I1792,1,data/fastq/P0021_FG_I1792/P0021_FG_I1792_R1.fastq.gz,data/fastq/P0021_FG_I1792/P0021_FG_I1792_R2.fastq.gz
P0021_FG_I1793,P0021_FG_I1793,1,data/fastq/P0021_FG_I1793/P0021_FG_I1793_R1.fastq.gz,data/fastq/P0021_FG_I1793/P0021_FG_I1793_R2.fastq.gz
P0021_FG_I1795,P0021_FG_I1795,1,data/fastq/P0021_FG_I1795/P0021_FG_I1795_R1.fastq.gz,data/fastq/P0021_FG_I1795/P0021_FG_I1795_R2.fastq.gz
P0021_FG_I1796,P0021_FG_I1796,1,data/fastq/P0021_FG_I1796/P0021_FG_I1796_R1.fastq.gz,data/fastq/P0021_FG_I1796/P0021_FG_I1796_R2.fastq.gz
P0021_FG_I1798,P0021_FG_I1798,1,data/fastq/P0021_FG_I1798/P0021_FG_I1798_R1.fastq.gz,data/fastq/P0021_FG_I1798/P0021_FG_I1798_R2.fastq.gz
P0021_FG_I1799,P0021_FG_I1799,1,data/fastq/P0021_FG_I1799/P0021_FG_I1799_R1.fastq.gz,data/fastq/P0021_FG_I1799/P0021_FG_I1799_R2.fastq.gz
P0021_FG_I1800,P0021_FG_I1800,1,data/fastq/P0021_FG_I1800/P0021_FG_I1800_R1.fastq.gz,data/fastq/P0021_FG_I1800/P0021_FG_I1800_R2.fastq.gz
P0021_FG_I1801,P0021_FG_I1801,1,data/fastq/P0021_FG_I1801/P0021_FG_I1801_R1.fastq.gz,data/fastq/P0021_FG_I1801/P0021_FG_I1801_R2.fastq.gz
P0021_FG_I1802,P0021_FG_I1802,1,data/fastq/P0021_FG_I1802/P0021_FG_I1802_R1.fastq.gz,data/fastq/P0021_FG_I1802/P0021_FG_I1802_R2.fastq.gz
P0021_FG_I1803,P0021_FG_I1803,1,data/fastq/P0021_FG_I1803/P0021_FG_I1803_R1.fastq.gz,data/fastq/P0021_FG_I1803/P0021_FG_I1803_R2.fastq.gz
P0021_FG_I1805,P0021_FG_I1805,1,data/fastq/P0021_FG_I1805/P0021_FG_I1805_R1.fastq.gz,data/fastq/P0021_FG_I1805/P0021_FG_I1805_R2.fastq.gz
P0021_FG_I1806,P0021_FG_I1806,1,data/fastq/P0021_FG_I1806/P0021_FG_I1806_R1.fastq.gz,data/fastq/P0021_FG_I1806/P0021_FG_I1806_R2.fastq.gz
P0021_FG_I1807,P0021_FG_I1807,1,data/fastq/P0021_FG_I1807/P0021_FG_I1807_R1.fastq.gz,data/fastq/P0021_FG_I1807/P0021_FG_I1807_R2.fastq.gz
P0021_FG_I1808,P0021_FG_I1808,1,data/fastq/P0021_FG_I1808/P0021_FG_I1808_R1.fastq.gz,data/fastq/P0021_FG_I1808/P0021_FG_I1808_R2.fastq.gz
P0021_FG_I18351,P0021_FG_I18351,1,data/fastq/P0021_FG_I18351/P0021_FG_I18351_R1.fastq.gz,data/fastq/P0021_FG_I18351/P0021_FG_I18351_R2.fastq.gz
P0021_FG_I18357,P0021_FG_I18357,1,data/fastq/P0021_FG_I18357/P0021_FG_I18357_R1.fastq.gz,data/fastq/P0021_FG_I18357/P0021_FG_I18357_R2.fastq.gz
P0021_FG_I18362,P0021_FG_I18362,1,data/fastq/P0021_FG_I18362/P0021_FG_I18362_R1.fastq.gz,data/fastq/P0021_FG_I18362/P0021_FG_I18362_R2.fastq.gz
P0021_FG_I18364,P0021_FG_I18364,1,data/fastq/P0021_FG_I18364/P0021_FG_I18364_R1.fastq.gz,data/fastq/P0021_FG_I18364/P0021_FG_I18364_R2.fastq.gz
P0021_FG_I18376,P0021_FG_I18376,1,data/fastq/P0021_FG_I18376/P0021_FG_I18376_R1.fastq.gz,data/fastq/P0021_FG_I18376/P0021_FG_I18376_R2.fastq.gz
P0021_FG_I18377,P0021_FG_I18377,1,data/fastq/P0021_FG_I18377/P0021_FG_I18377_R1.fastq.gz,data/fastq/P0021_FG_I18377/P0021_FG_I18377_R2.fastq.gz
P0021_FG_I18378,P0021_FG_I18378,1,data/fastq/P0021_FG_I18378/P0021_FG_I18378_R1.fastq.gz,data/fastq/P0021_FG_I18378/P0021_FG_I18378_R2.fastq.gz
P0021_FG_I18379,P0021_FG_I18379,1,data/fastq/P0021_FG_I18379/P0021_FG_I18379_R1.fastq.gz,data/fastq/P0021_FG_I18379/P0021_FG_I18379_R2.fastq.gz
P0021_FG_I18395,P0021_FG_I18395,1,data/fastq/P0021_FG_I18395/P0021_FG_I18395_R1.fastq.gz,data/fastq/P0021_FG_I18395/P0021_FG_I18395_R2.fastq.gz
P0021_FG_I18396,P0021_FG_I18396,1,data/fastq/P0021_FG_I18396/P0021_FG_I18396_R1.fastq.gz,data/fastq/P0021_FG_I18396/P0021_FG_I18396_R2.fastq.gz
P0021_FG_I18405,P0021_FG_I18405,1,data/fastq/P0021_FG_I18405/P0021_FG_I18405_R1.fastq.gz,data/fastq/P0021_FG_I18405/P0021_FG_I18405_R2.fastq.gz
P0021_FG_I18406,P0021_FG_I18406,1,data/fastq/P0021_FG_I18406/P0021_FG_I18406_R1.fastq.gz,data/fastq/P0021_FG_I18406/P0021_FG_I18406_R2.fastq.gz
P0021_FG_I20937,P0021_FG_I20937,1,data/fastq/P0021_FG_I20937/P0021_FG_I20937_R1.fastq.gz,data/fastq/P0021_FG_I20937/P0021_FG_I20937_R2.fastq.gz
P0021_FG_I7456,P0021_FG_I7456,1,data/fastq/P0021_FG_I7456/P0021_FG_I7456_R1.fastq.gz,data/fastq/P0021_FG_I7456/P0021_FG_I7456_R2.fastq.gz
